<?xml version="1.0" encoding="utf-8"?>
<DataSchemaModel FileFormatVersion="1.2" SchemaVersion="2.9" DspName="Microsoft.Data.Tools.Schema.Sql.Sql130DatabaseSchemaProvider" CollationLcid="1033" CollationCaseSensitive="False" xmlns="http://schemas.microsoft.com/sqlserver/dac/Serialization/2012/02">
	<Header>
		<CustomData Category="AnsiNulls">
			<Metadata Name="AnsiNulls" Value="True" />
		</CustomData>
		<CustomData Category="QuotedIdentifier">
			<Metadata Name="QuotedIdentifier" Value="True" />
		</CustomData>
		<CustomData Category="CompatibilityMode">
			<Metadata Name="CompatibilityMode" Value="130" />
		</CustomData>
		<CustomData Category="Reference" Type="Assembly">
			<Metadata Name="LogicalName" Value="Create_Pull_Request_DACPAC.dll" />
			<Metadata Name="FileName" Value="C:\USERS\AA.RKAJA\SOURCE\REPOS\APPLICATION SUPPORT\AZURE\CREATE PULL REQUEST DACPAC\CREATE PULL REQUEST DACPAC\OBJ\DEBUG\CREATE_PULL_REQUEST_DACPAC.DLL" />
			<Metadata Name="AssemblyName" Value="Create_Pull_Request_DACPAC" />
			<Metadata Name="PermissionSet" Value="SAFE" />
			<Metadata Name="Owner" Value="" />
			<Metadata Name="GenerateSqlClrDdl" Value="True" />
			<Metadata Name="IsVisible" Value="True" />
			<Metadata Name="IsModelAware" Value="True" />
			<Metadata Name="SkipCreationIfEmpty" Value="True" />
			<Metadata Name="AssemblySymbolsName" Value="C:\Users\aa.rkaja\source\repos\Application Support\AZURE\Create Pull Request DACPAC\Create Pull Request DACPAC\obj\Debug\Create_Pull_Request_DACPAC.pdb" />
		</CustomData>
		<CustomData Category="SqlCmdVariables" Type="SqlCmdVariable" />
	</Header>
	<Model>
		<Element Type="SqlDatabaseOptions">
			<Property Name="Collation" Value="SQL_Latin1_General_CP1_CI_AS" />
			<Property Name="IsAnsiNullDefaultOn" Value="True" />
			<Property Name="IsAnsiNullsOn" Value="True" />
			<Property Name="IsAnsiWarningsOn" Value="True" />
			<Property Name="IsArithAbortOn" Value="True" />
			<Property Name="IsConcatNullYieldsNullOn" Value="True" />
			<Property Name="IsTornPageProtectionOn" Value="False" />
			<Property Name="IsFullTextEnabled" Value="True" />
			<Property Name="PageVerifyMode" Value="3" />
			<Property Name="DefaultLanguage" Value="" />
			<Property Name="DefaultFullTextLanguage" Value="" />
			<Property Name="QueryStoreStaleQueryThreshold" Value="367" />
			<Relationship Name="DefaultFilegroup">
				<Entry>
					<References ExternalSource="BuiltIns" Name="[PRIMARY]" />
				</Entry>
			</Relationship>
		</Element>
		<Element Type="SqlPrimaryKeyConstraint">
			<Relationship Name="ColumnSpecifications">
				<Entry>
					<Element Type="SqlIndexedColumnSpecification">
						<Relationship Name="Column">
							<Entry>
								<References Name="[dbo].[ZediDataQTR].[starttime]" />
							</Entry>
						</Relationship>
					</Element>
				</Entry>
				<Entry>
					<Element Type="SqlIndexedColumnSpecification">
						<Relationship Name="Column">
							<Entry>
								<References Name="[dbo].[ZediDataQTR].[sensor_id]" />
							</Entry>
						</Relationship>
					</Element>
				</Entry>
			</Relationship>
			<Relationship Name="DefiningTable">
				<Entry>
					<References Name="[dbo].[ZediDataQTR]" />
				</Entry>
			</Relationship>
			<Annotation Type="SqlInlineConstraintAnnotation" Disambiguator="8" />
		</Element>
		<Element Type="SqlPrimaryKeyConstraint">
			<Relationship Name="ColumnSpecifications">
				<Entry>
					<Element Type="SqlIndexedColumnSpecification">
						<Relationship Name="Column">
							<Entry>
								<References Name="[dbo].[ZediData].[readingtime]" />
							</Entry>
						</Relationship>
					</Element>
				</Entry>
				<Entry>
					<Element Type="SqlIndexedColumnSpecification">
						<Relationship Name="Column">
							<Entry>
								<References Name="[dbo].[ZediData].[sensor_id]" />
							</Entry>
						</Relationship>
					</Element>
				</Entry>
			</Relationship>
			<Relationship Name="DefiningTable">
				<Entry>
					<References Name="[dbo].[ZediData]" />
				</Entry>
			</Relationship>
			<Annotation Type="SqlInlineConstraintAnnotation" Disambiguator="9" />
		</Element>
		<Element Type="SqlRoleMembership">
			<Relationship Name="Member">
				<Entry>
					<References Name="[TLN\ttaylor]" Disambiguator="7" />
				</Entry>
			</Relationship>
			<Relationship Name="Role">
				<Entry>
					<References ExternalSource="BuiltIns" Name="[db_datareader]" />
				</Entry>
			</Relationship>
		</Element>
		<Element Type="SqlRoleMembership">
			<Relationship Name="Member">
				<Entry>
					<References Name="[TLN\upstream]" Disambiguator="6" />
				</Entry>
			</Relationship>
			<Relationship Name="Role">
				<Entry>
					<References ExternalSource="BuiltIns" Name="[db_datareader]" />
				</Entry>
			</Relationship>
		</Element>
		<Element Type="SqlRoleMembership">
			<Relationship Name="Member">
				<Entry>
					<References Name="[TLN\jlogbotche]" Disambiguator="5" />
				</Entry>
			</Relationship>
			<Relationship Name="Role">
				<Entry>
					<References ExternalSource="BuiltIns" Name="[db_datareader]" />
				</Entry>
			</Relationship>
		</Element>
		<Element Type="SqlRoleMembership">
			<Relationship Name="Member">
				<Entry>
					<References Name="[TLN\svc-powerbi]" Disambiguator="4" />
				</Entry>
			</Relationship>
			<Relationship Name="Role">
				<Entry>
					<References ExternalSource="BuiltIns" Name="[db_datareader]" />
				</Entry>
			</Relationship>
		</Element>
		<Element Type="SqlTable" Name="[dbo].[__MigrationLog]">
			<Property Name="IsAnsiNullsOn" Value="True" />
			<Relationship Name="Columns">
				<Entry>
					<Element Type="SqlSimpleColumn" Name="[dbo].[__MigrationLog].[migration_id]">
						<Property Name="IsNullable" Value="False" />
						<Relationship Name="TypeSpecifier">
							<Entry>
								<Element Type="SqlTypeSpecifier">
									<Relationship Name="Type">
										<Entry>
											<References ExternalSource="BuiltIns" Name="[uniqueidentifier]" />
										</Entry>
									</Relationship>
								</Element>
							</Entry>
						</Relationship>
					</Element>
				</Entry>
				<Entry>
					<Element Type="SqlSimpleColumn" Name="[dbo].[__MigrationLog].[script_checksum]">
						<Property Name="IsNullable" Value="False" />
						<Relationship Name="TypeSpecifier">
							<Entry>
								<Element Type="SqlTypeSpecifier">
									<Property Name="Length" Value="64" />
									<Relationship Name="Type">
										<Entry>
											<References ExternalSource="BuiltIns" Name="[nvarchar]" />
										</Entry>
									</Relationship>
								</Element>
							</Entry>
						</Relationship>
					</Element>
				</Entry>
				<Entry>
					<Element Type="SqlSimpleColumn" Name="[dbo].[__MigrationLog].[script_filename]">
						<Property Name="IsNullable" Value="False" />
						<Relationship Name="TypeSpecifier">
							<Entry>
								<Element Type="SqlTypeSpecifier">
									<Property Name="Length" Value="255" />
									<Relationship Name="Type">
										<Entry>
											<References ExternalSource="BuiltIns" Name="[nvarchar]" />
										</Entry>
									</Relationship>
								</Element>
							</Entry>
						</Relationship>
					</Element>
				</Entry>
				<Entry>
					<Element Type="SqlSimpleColumn" Name="[dbo].[__MigrationLog].[complete_dt]">
						<Property Name="IsNullable" Value="False" />
						<Relationship Name="TypeSpecifier">
							<Entry>
								<Element Type="SqlTypeSpecifier">
									<Property Name="Scale" Value="7" />
									<Relationship Name="Type">
										<Entry>
											<References ExternalSource="BuiltIns" Name="[datetime2]" />
										</Entry>
									</Relationship>
								</Element>
							</Entry>
						</Relationship>
					</Element>
				</Entry>
				<Entry>
					<Element Type="SqlSimpleColumn" Name="[dbo].[__MigrationLog].[applied_by]">
						<Property Name="IsNullable" Value="False" />
						<Relationship Name="TypeSpecifier">
							<Entry>
								<Element Type="SqlTypeSpecifier">
									<Property Name="Length" Value="100" />
									<Relationship Name="Type">
										<Entry>
											<References ExternalSource="BuiltIns" Name="[nvarchar]" />
										</Entry>
									</Relationship>
								</Element>
							</Entry>
						</Relationship>
					</Element>
				</Entry>
				<Entry>
					<Element Type="SqlSimpleColumn" Name="[dbo].[__MigrationLog].[deployed]">
						<Property Name="IsNullable" Value="False" />
						<Relationship Name="TypeSpecifier">
							<Entry>
								<Element Type="SqlTypeSpecifier">
									<Relationship Name="Type">
										<Entry>
											<References ExternalSource="BuiltIns" Name="[tinyint]" />
										</Entry>
									</Relationship>
								</Element>
							</Entry>
						</Relationship>
						<Annotation Type="SqlInlineConstraintAnnotation" Disambiguator="10" />
					</Element>
				</Entry>
				<Entry>
					<Element Type="SqlSimpleColumn" Name="[dbo].[__MigrationLog].[version]">
						<Relationship Name="TypeSpecifier">
							<Entry>
								<Element Type="SqlTypeSpecifier">
									<Property Name="Length" Value="255" />
									<Relationship Name="Type">
										<Entry>
											<References ExternalSource="BuiltIns" Name="[varchar]" />
										</Entry>
									</Relationship>
								</Element>
							</Entry>
						</Relationship>
					</Element>
				</Entry>
				<Entry>
					<Element Type="SqlSimpleColumn" Name="[dbo].[__MigrationLog].[package_version]">
						<Relationship Name="TypeSpecifier">
							<Entry>
								<Element Type="SqlTypeSpecifier">
									<Property Name="Length" Value="255" />
									<Relationship Name="Type">
										<Entry>
											<References ExternalSource="BuiltIns" Name="[varchar]" />
										</Entry>
									</Relationship>
								</Element>
							</Entry>
						</Relationship>
					</Element>
				</Entry>
				<Entry>
					<Element Type="SqlSimpleColumn" Name="[dbo].[__MigrationLog].[release_version]">
						<Relationship Name="TypeSpecifier">
							<Entry>
								<Element Type="SqlTypeSpecifier">
									<Property Name="Length" Value="255" />
									<Relationship Name="Type">
										<Entry>
											<References ExternalSource="BuiltIns" Name="[varchar]" />
										</Entry>
									</Relationship>
								</Element>
							</Entry>
						</Relationship>
					</Element>
				</Entry>
				<Entry>
					<Element Type="SqlSimpleColumn" Name="[dbo].[__MigrationLog].[sequence_no]">
						<Property Name="IsNullable" Value="False" />
						<Property Name="IsIdentity" Value="True" />
						<Relationship Name="TypeSpecifier">
							<Entry>
								<Element Type="SqlTypeSpecifier">
									<Relationship Name="Type">
										<Entry>
											<References ExternalSource="BuiltIns" Name="[int]" />
										</Entry>
									</Relationship>
								</Element>
							</Entry>
						</Relationship>
					</Element>
				</Entry>
			</Relationship>
			<Relationship Name="Schema">
				<Entry>
					<References ExternalSource="BuiltIns" Name="[dbo]" />
				</Entry>
			</Relationship>
			<Annotation Type="SqlInlineConstraintAnnotation" Disambiguator="11" />
		</Element>
		<Element Type="SqlIndex" Name="[dbo].[__MigrationLog].[IX___MigrationLog_CompleteDt]">
			<Relationship Name="ColumnSpecifications">
				<Entry>
					<Element Type="SqlIndexedColumnSpecification">
						<Relationship Name="Column">
							<Entry>
								<References Name="[dbo].[__MigrationLog].[complete_dt]" />
							</Entry>
						</Relationship>
					</Element>
				</Entry>
			</Relationship>
			<Relationship Name="IndexedObject">
				<Entry>
					<References Name="[dbo].[__MigrationLog]" />
				</Entry>
			</Relationship>
		</Element>
		<Element Type="SqlIndex" Name="[dbo].[__MigrationLog].[IX___MigrationLog_Version]">
			<Relationship Name="ColumnSpecifications">
				<Entry>
					<Element Type="SqlIndexedColumnSpecification">
						<Relationship Name="Column">
							<Entry>
								<References Name="[dbo].[__MigrationLog].[version]" />
							</Entry>
						</Relationship>
					</Element>
				</Entry>
			</Relationship>
			<Relationship Name="IndexedObject">
				<Entry>
					<References Name="[dbo].[__MigrationLog]" />
				</Entry>
			</Relationship>
		</Element>
		<Element Type="SqlIndex" Name="[dbo].[__MigrationLog].[UX___MigrationLog_SequenceNo]">
			<Property Name="IsUnique" Value="True" />
			<Relationship Name="ColumnSpecifications">
				<Entry>
					<Element Type="SqlIndexedColumnSpecification">
						<Relationship Name="Column">
							<Entry>
								<References Name="[dbo].[__MigrationLog].[sequence_no]" />
							</Entry>
						</Relationship>
					</Element>
				</Entry>
			</Relationship>
			<Relationship Name="IndexedObject">
				<Entry>
					<References Name="[dbo].[__MigrationLog]" />
				</Entry>
			</Relationship>
		</Element>
		<Element Type="SqlView" Name="[dbo].[__MigrationLogCurrent]">
			<Property Name="QueryScript">
				<Value><![CDATA[
			WITH currentMigration AS
			(
			  SELECT
				 migration_id, script_checksum, script_filename, complete_dt, applied_by, deployed, ROW_NUMBER() OVER(PARTITION BY migration_id ORDER BY sequence_no DESC) AS RowNumber
			  FROM [dbo].[__MigrationLog]
			)
			SELECT  migration_id, script_checksum, script_filename, complete_dt, applied_by, deployed
			FROM currentMigration
			WHERE RowNumber = 1]]></Value>
			</Property>
			<Property Name="IsAnsiNullsOn" Value="True" />
			<Relationship Name="Columns">
				<Entry>
					<Element Type="SqlComputedColumn" Name="[dbo].[__MigrationLogCurrent].[migration_id]">
						<Relationship Name="ExpressionDependencies">
							<Entry>
								<References Name="[dbo].[__MigrationLog].[migration_id]" />
							</Entry>
						</Relationship>
					</Element>
				</Entry>
				<Entry>
					<Element Type="SqlComputedColumn" Name="[dbo].[__MigrationLogCurrent].[script_checksum]">
						<Relationship Name="ExpressionDependencies">
							<Entry>
								<References Name="[dbo].[__MigrationLog].[script_checksum]" />
							</Entry>
						</Relationship>
					</Element>
				</Entry>
				<Entry>
					<Element Type="SqlComputedColumn" Name="[dbo].[__MigrationLogCurrent].[script_filename]">
						<Relationship Name="ExpressionDependencies">
							<Entry>
								<References Name="[dbo].[__MigrationLog].[script_filename]" />
							</Entry>
						</Relationship>
					</Element>
				</Entry>
				<Entry>
					<Element Type="SqlComputedColumn" Name="[dbo].[__MigrationLogCurrent].[complete_dt]">
						<Relationship Name="ExpressionDependencies">
							<Entry>
								<References Name="[dbo].[__MigrationLog].[complete_dt]" />
							</Entry>
						</Relationship>
					</Element>
				</Entry>
				<Entry>
					<Element Type="SqlComputedColumn" Name="[dbo].[__MigrationLogCurrent].[applied_by]">
						<Relationship Name="ExpressionDependencies">
							<Entry>
								<References Name="[dbo].[__MigrationLog].[applied_by]" />
							</Entry>
						</Relationship>
					</Element>
				</Entry>
				<Entry>
					<Element Type="SqlComputedColumn" Name="[dbo].[__MigrationLogCurrent].[deployed]">
						<Relationship Name="ExpressionDependencies">
							<Entry>
								<References Name="[dbo].[__MigrationLog].[deployed]" />
							</Entry>
						</Relationship>
					</Element>
				</Entry>
			</Relationship>
			<Relationship Name="DynamicObjects">
				<Entry>
					<Element Type="SqlDynamicColumnSource" Name="[dbo].[__MigrationLogCurrent].[CTE1].[currentMigration]">
						<Relationship Name="Columns">
							<Entry>
								<Element Type="SqlComputedColumn" Name="[dbo].[__MigrationLogCurrent].[CTE1].[currentMigration].[migration_id]">
									<Relationship Name="ExpressionDependencies">
										<Entry>
											<References Name="[dbo].[__MigrationLog].[migration_id]" />
										</Entry>
									</Relationship>
								</Element>
							</Entry>
							<Entry>
								<Element Type="SqlComputedColumn" Name="[dbo].[__MigrationLogCurrent].[CTE1].[currentMigration].[script_checksum]">
									<Relationship Name="ExpressionDependencies">
										<Entry>
											<References Name="[dbo].[__MigrationLog].[script_checksum]" />
										</Entry>
									</Relationship>
								</Element>
							</Entry>
							<Entry>
								<Element Type="SqlComputedColumn" Name="[dbo].[__MigrationLogCurrent].[CTE1].[currentMigration].[script_filename]">
									<Relationship Name="ExpressionDependencies">
										<Entry>
											<References Name="[dbo].[__MigrationLog].[script_filename]" />
										</Entry>
									</Relationship>
								</Element>
							</Entry>
							<Entry>
								<Element Type="SqlComputedColumn" Name="[dbo].[__MigrationLogCurrent].[CTE1].[currentMigration].[complete_dt]">
									<Relationship Name="ExpressionDependencies">
										<Entry>
											<References Name="[dbo].[__MigrationLog].[complete_dt]" />
										</Entry>
									</Relationship>
								</Element>
							</Entry>
							<Entry>
								<Element Type="SqlComputedColumn" Name="[dbo].[__MigrationLogCurrent].[CTE1].[currentMigration].[applied_by]">
									<Relationship Name="ExpressionDependencies">
										<Entry>
											<References Name="[dbo].[__MigrationLog].[applied_by]" />
										</Entry>
									</Relationship>
								</Element>
							</Entry>
							<Entry>
								<Element Type="SqlComputedColumn" Name="[dbo].[__MigrationLogCurrent].[CTE1].[currentMigration].[deployed]">
									<Relationship Name="ExpressionDependencies">
										<Entry>
											<References Name="[dbo].[__MigrationLog].[deployed]" />
										</Entry>
									</Relationship>
								</Element>
							</Entry>
							<Entry>
								<Element Type="SqlComputedColumn" Name="[dbo].[__MigrationLogCurrent].[CTE1].[currentMigration].[RowNumber]" />
							</Entry>
						</Relationship>
					</Element>
				</Entry>
			</Relationship>
			<Relationship Name="QueryDependencies">
				<Entry>
					<References Name="[dbo].[__MigrationLog]" />
				</Entry>
				<Entry>
					<References Name="[dbo].[__MigrationLog].[migration_id]" />
				</Entry>
				<Entry>
					<References Name="[dbo].[__MigrationLog].[script_checksum]" />
				</Entry>
				<Entry>
					<References Name="[dbo].[__MigrationLog].[script_filename]" />
				</Entry>
				<Entry>
					<References Name="[dbo].[__MigrationLog].[complete_dt]" />
				</Entry>
				<Entry>
					<References Name="[dbo].[__MigrationLog].[applied_by]" />
				</Entry>
				<Entry>
					<References Name="[dbo].[__MigrationLog].[deployed]" />
				</Entry>
				<Entry>
					<References Name="[dbo].[__MigrationLog].[sequence_no]" />
				</Entry>
			</Relationship>
			<Relationship Name="Schema">
				<Entry>
					<References ExternalSource="BuiltIns" Name="[dbo]" />
				</Entry>
			</Relationship>
			<Annotation Type="SysCommentsObjectAnnotation">
				<Property Name="CreateOffset" Value="3" />
				<Property Name="Length" Value="456" />
				<Property Name="StartLine" Value="1" />
				<Property Name="StartColumn" Value="1" />
				<Property Name="HeaderContents" Value="&#xD;&#xA;&#x9;CREATE VIEW [dbo].[__MigrationLogCurrent]&#xD;&#xA;&#x9;&#x9;&#x9;AS" />
			</Annotation>
		</Element>
		<Element Type="SqlTable" Name="[dbo].[__SchemaSnapshot]">
			<Property Name="IsAnsiNullsOn" Value="True" />
			<Relationship Name="Columns">
				<Entry>
					<Element Type="SqlSimpleColumn" Name="[dbo].[__SchemaSnapshot].[Snapshot]">
						<Relationship Name="TypeSpecifier">
							<Entry>
								<Element Type="SqlTypeSpecifier">
									<Property Name="IsMax" Value="True" />
									<Relationship Name="Type">
										<Entry>
											<References ExternalSource="BuiltIns" Name="[varbinary]" />
										</Entry>
									</Relationship>
								</Element>
							</Entry>
						</Relationship>
					</Element>
				</Entry>
				<Entry>
					<Element Type="SqlSimpleColumn" Name="[dbo].[__SchemaSnapshot].[LastUpdateDate]">
						<Relationship Name="TypeSpecifier">
							<Entry>
								<Element Type="SqlTypeSpecifier">
									<Property Name="Scale" Value="7" />
									<Relationship Name="Type">
										<Entry>
											<References ExternalSource="BuiltIns" Name="[datetime2]" />
										</Entry>
									</Relationship>
								</Element>
							</Entry>
						</Relationship>
						<Annotation Type="SqlInlineConstraintAnnotation" Disambiguator="12" />
					</Element>
				</Entry>
			</Relationship>
			<Relationship Name="Schema">
				<Entry>
					<References ExternalSource="BuiltIns" Name="[dbo]" />
				</Entry>
			</Relationship>
		</Element>
		<Element Type="SqlDefaultConstraint" Name="[dbo].[__SchemaSnapshotDateDefault]">
			<Property Name="DefaultExpressionScript">
				<Value><![CDATA[(sysdatetime())]]></Value>
			</Property>
			<Relationship Name="DefiningTable">
				<Entry>
					<References Name="[dbo].[__SchemaSnapshot]" />
				</Entry>
			</Relationship>
			<Relationship Name="ForColumn">
				<Entry>
					<References Name="[dbo].[__SchemaSnapshot].[LastUpdateDate]" />
				</Entry>
			</Relationship>
			<AttachedAnnotation Disambiguator="12" />
		</Element>
		<Element Type="SqlDefaultConstraint" Name="[dbo].[DF___MigrationLog_deployed]">
			<Property Name="DefaultExpressionScript">
				<Value><![CDATA[((1))]]></Value>
			</Property>
			<Relationship Name="DefiningTable">
				<Entry>
					<References Name="[dbo].[__MigrationLog]" />
				</Entry>
			</Relationship>
			<Relationship Name="ForColumn">
				<Entry>
					<References Name="[dbo].[__MigrationLog].[deployed]" />
				</Entry>
			</Relationship>
			<AttachedAnnotation Disambiguator="10" />
		</Element>
		<Element Type="SqlPrimaryKeyConstraint" Name="[dbo].[PK___MigrationLog]">
			<Relationship Name="ColumnSpecifications">
				<Entry>
					<Element Type="SqlIndexedColumnSpecification">
						<Relationship Name="Column">
							<Entry>
								<References Name="[dbo].[__MigrationLog].[migration_id]" />
							</Entry>
						</Relationship>
					</Element>
				</Entry>
				<Entry>
					<Element Type="SqlIndexedColumnSpecification">
						<Relationship Name="Column">
							<Entry>
								<References Name="[dbo].[__MigrationLog].[complete_dt]" />
							</Entry>
						</Relationship>
					</Element>
				</Entry>
				<Entry>
					<Element Type="SqlIndexedColumnSpecification">
						<Relationship Name="Column">
							<Entry>
								<References Name="[dbo].[__MigrationLog].[script_checksum]" />
							</Entry>
						</Relationship>
					</Element>
				</Entry>
			</Relationship>
			<Relationship Name="DefiningTable">
				<Entry>
					<References Name="[dbo].[__MigrationLog]" />
				</Entry>
			</Relationship>
			<AttachedAnnotation Disambiguator="11" />
		</Element>
		<Element Type="SqlTable" Name="[dbo].[StatusLookup]">
			<Property Name="IsAnsiNullsOn" Value="True" />
			<Relationship Name="Columns">
				<Entry>
					<Element Type="SqlSimpleColumn" Name="[dbo].[StatusLookup].[StatusKey]">
						<Property Name="IsNullable" Value="False" />
						<Relationship Name="TypeSpecifier">
							<Entry>
								<Element Type="SqlTypeSpecifier">
									<Relationship Name="Type">
										<Entry>
											<References ExternalSource="BuiltIns" Name="[int]" />
										</Entry>
									</Relationship>
								</Element>
							</Entry>
						</Relationship>
					</Element>
				</Entry>
				<Entry>
					<Element Type="SqlSimpleColumn" Name="[dbo].[StatusLookup].[StatusFirstName]">
						<Relationship Name="TypeSpecifier">
							<Entry>
								<Element Type="SqlTypeSpecifier">
									<Property Name="Length" Value="255" />
									<Relationship Name="Type">
										<Entry>
											<References ExternalSource="BuiltIns" Name="[varchar]" />
										</Entry>
									</Relationship>
								</Element>
							</Entry>
						</Relationship>
					</Element>
				</Entry>
				<Entry>
					<Element Type="SqlSimpleColumn" Name="[dbo].[StatusLookup].[StatusLastName]">
						<Relationship Name="TypeSpecifier">
							<Entry>
								<Element Type="SqlTypeSpecifier">
									<Property Name="Length" Value="255" />
									<Relationship Name="Type">
										<Entry>
											<References ExternalSource="BuiltIns" Name="[varchar]" />
										</Entry>
									</Relationship>
								</Element>
							</Entry>
						</Relationship>
					</Element>
				</Entry>
			</Relationship>
			<Relationship Name="Schema">
				<Entry>
					<References ExternalSource="BuiltIns" Name="[dbo]" />
				</Entry>
			</Relationship>
			<Annotation Type="SqlInlineConstraintAnnotation" Disambiguator="13" />
		</Element>
		<Element Type="SqlPrimaryKeyConstraint" Name="[dbo].[StatusLookUpPK]">
			<Relationship Name="ColumnSpecifications">
				<Entry>
					<Element Type="SqlIndexedColumnSpecification">
						<Relationship Name="Column">
							<Entry>
								<References Name="[dbo].[StatusLookup].[StatusKey]" />
							</Entry>
						</Relationship>
					</Element>
				</Entry>
			</Relationship>
			<Relationship Name="DefiningTable">
				<Entry>
					<References Name="[dbo].[StatusLookup]" />
				</Entry>
			</Relationship>
			<AttachedAnnotation Disambiguator="13" />
		</Element>
		<Element Type="SqlScalarFunction" Name="[dbo].[ufn_ConvertUTCToCT]">
			<Property Name="IsAnsiNullsOn" Value="True" />
			<Relationship Name="BodyDependencies">
				<Entry>
					<References ExternalSource="BuiltIns" Name="[datetime]" />
				</Entry>
				<Entry>
					<References ExternalSource="BuiltIns" Name="[datetime]" />
				</Entry>
				<Entry>
					<References Name="[dbo].[ufn_ConvertUTCToCT].[@DateTimeUTC]" />
				</Entry>
			</Relationship>
			<Relationship Name="FunctionBody">
				<Entry>
					<Element Type="SqlScriptFunctionImplementation">
						<Property Name="BodyScript">
							<Value><![CDATA[
BEGIN
	-- Declare the return variable here
	DECLARE @DateTimeCT datetime;

	-- Add the T-SQL statements to compute the return value here
	select @DateTimeCT = 
		CONVERT(datetime, 
			SWITCHOFFSET(@DateTimeUTC, 
				DATEPART(TZOFFSET, @DateTimeUTC AT TIME ZONE 'Central Standard Time')))

	-- Return the result of the function
	RETURN @DateTimeCT

END]]></Value>
						</Property>
						<Annotation Type="SysCommentsObjectAnnotation">
							<Property Name="CreateOffset" Value="237" />
							<Property Name="Length" Value="735" />
							<Property Name="StartLine" Value="1" />
							<Property Name="StartColumn" Value="1" />
							<Property Name="HeaderContents" Value="-- =============================================&#xD;&#xA;-- Author:&#x9;&#x9;Rudee Glazebrook&#xD;&#xA;-- Create date: 1/10/2022&#xD;&#xA;-- Description:&#x9;Converts UTC times to Central Time. All Zedi Dates are in UTC.&#xD;&#xA;-- =============================================&#xD;&#xA;CREATE FUNCTION ufn_ConvertUTCToCT&#xD;&#xA;(&#xD;&#xA;&#x9;-- Add the parameters for the function here&#xD;&#xA;&#x9;@DateTimeUTC datetime&#xD;&#xA;)&#xD;&#xA;RETURNS datetime&#xD;&#xA;AS" />
						</Annotation>
					</Element>
				</Entry>
			</Relationship>
			<Relationship Name="Parameters">
				<Entry>
					<Element Type="SqlSubroutineParameter" Name="[dbo].[ufn_ConvertUTCToCT].[@DateTimeUTC]">
						<Relationship Name="Type">
							<Entry>
								<Element Type="SqlTypeSpecifier">
									<Relationship Name="Type">
										<Entry>
											<References ExternalSource="BuiltIns" Name="[datetime]" />
										</Entry>
									</Relationship>
								</Element>
							</Entry>
						</Relationship>
					</Element>
				</Entry>
			</Relationship>
			<Relationship Name="Schema">
				<Entry>
					<References ExternalSource="BuiltIns" Name="[dbo]" />
				</Entry>
			</Relationship>
			<Relationship Name="Type">
				<Entry>
					<Element Type="SqlTypeSpecifier">
						<Relationship Name="Type">
							<Entry>
								<References ExternalSource="BuiltIns" Name="[datetime]" />
							</Entry>
						</Relationship>
					</Element>
				</Entry>
			</Relationship>
		</Element>
		<Element Type="SqlView" Name="[dbo].[vw_ZediDailyAggData]">
			<Property Name="QueryScript">
				<Value><![CDATA[
  SELECT [location_id]
      ,[location]
      ,[dbo].[ufn_ConvertUTCToCT](starttime) AS starttime
      ,[dbo].[ufn_ConvertUTCToCT](endtime) AS endtime
      ,[sensor]
      ,[sensor_id]
      ,[unit]
      ,[amount]
      ,[qtrtype]
  FROM [ZediDataQTR]]]></Value>
			</Property>
			<Property Name="IsAnsiNullsOn" Value="True" />
			<Relationship Name="Columns">
				<Entry>
					<Element Type="SqlComputedColumn" Name="[dbo].[vw_ZediDailyAggData].[location_id]">
						<Relationship Name="ExpressionDependencies">
							<Entry>
								<References Name="[dbo].[ZediDataQTR].[location_id]" />
							</Entry>
						</Relationship>
					</Element>
				</Entry>
				<Entry>
					<Element Type="SqlComputedColumn" Name="[dbo].[vw_ZediDailyAggData].[location]">
						<Relationship Name="ExpressionDependencies">
							<Entry>
								<References Name="[dbo].[ZediDataQTR].[location]" />
							</Entry>
						</Relationship>
					</Element>
				</Entry>
				<Entry>
					<Element Type="SqlComputedColumn" Name="[dbo].[vw_ZediDailyAggData].[starttime]">
						<Relationship Name="ExpressionDependencies">
							<Entry>
								<References Name="[dbo].[ufn_ConvertUTCToCT]" />
							</Entry>
						</Relationship>
					</Element>
				</Entry>
				<Entry>
					<Element Type="SqlComputedColumn" Name="[dbo].[vw_ZediDailyAggData].[endtime]">
						<Relationship Name="ExpressionDependencies">
							<Entry>
								<References Name="[dbo].[ufn_ConvertUTCToCT]" />
							</Entry>
						</Relationship>
					</Element>
				</Entry>
				<Entry>
					<Element Type="SqlComputedColumn" Name="[dbo].[vw_ZediDailyAggData].[sensor]">
						<Relationship Name="ExpressionDependencies">
							<Entry>
								<References Name="[dbo].[ZediDataQTR].[sensor]" />
							</Entry>
						</Relationship>
					</Element>
				</Entry>
				<Entry>
					<Element Type="SqlComputedColumn" Name="[dbo].[vw_ZediDailyAggData].[sensor_id]">
						<Relationship Name="ExpressionDependencies">
							<Entry>
								<References Name="[dbo].[ZediDataQTR].[sensor_id]" />
							</Entry>
						</Relationship>
					</Element>
				</Entry>
				<Entry>
					<Element Type="SqlComputedColumn" Name="[dbo].[vw_ZediDailyAggData].[unit]">
						<Relationship Name="ExpressionDependencies">
							<Entry>
								<References Name="[dbo].[ZediDataQTR].[unit]" />
							</Entry>
						</Relationship>
					</Element>
				</Entry>
				<Entry>
					<Element Type="SqlComputedColumn" Name="[dbo].[vw_ZediDailyAggData].[amount]">
						<Relationship Name="ExpressionDependencies">
							<Entry>
								<References Name="[dbo].[ZediDataQTR].[amount]" />
							</Entry>
						</Relationship>
					</Element>
				</Entry>
				<Entry>
					<Element Type="SqlComputedColumn" Name="[dbo].[vw_ZediDailyAggData].[qtrtype]">
						<Relationship Name="ExpressionDependencies">
							<Entry>
								<References Name="[dbo].[ZediDataQTR].[qtrtype]" />
							</Entry>
						</Relationship>
					</Element>
				</Entry>
			</Relationship>
			<Relationship Name="QueryDependencies">
				<Entry>
					<References Name="[dbo].[ZediDataQTR]" />
				</Entry>
				<Entry>
					<References Name="[dbo].[ZediDataQTR].[location_id]" />
				</Entry>
				<Entry>
					<References Name="[dbo].[ZediDataQTR].[location]" />
				</Entry>
				<Entry>
					<References Name="[dbo].[ZediDataQTR].[starttime]" />
				</Entry>
				<Entry>
					<References Name="[dbo].[ufn_ConvertUTCToCT]" />
				</Entry>
				<Entry>
					<References Name="[dbo].[ZediDataQTR].[endtime]" />
				</Entry>
				<Entry>
					<References Name="[dbo].[ufn_ConvertUTCToCT]" />
				</Entry>
				<Entry>
					<References Name="[dbo].[ZediDataQTR].[sensor]" />
				</Entry>
				<Entry>
					<References Name="[dbo].[ZediDataQTR].[sensor_id]" />
				</Entry>
				<Entry>
					<References Name="[dbo].[ZediDataQTR].[unit]" />
				</Entry>
				<Entry>
					<References Name="[dbo].[ZediDataQTR].[amount]" />
				</Entry>
				<Entry>
					<References Name="[dbo].[ZediDataQTR].[qtrtype]" />
				</Entry>
			</Relationship>
			<Relationship Name="Schema">
				<Entry>
					<References ExternalSource="BuiltIns" Name="[dbo]" />
				</Entry>
			</Relationship>
			<Annotation Type="SysCommentsObjectAnnotation">
				<Property Name="CreateOffset" Value="6" />
				<Property Name="Length" Value="314" />
				<Property Name="StartLine" Value="1" />
				<Property Name="StartColumn" Value="1" />
				<Property Name="HeaderContents" Value="&#xD;&#xA;&#xD;&#xA;  CREATE View [dbo].[vw_ZediDailyAggData] as" />
			</Annotation>
		</Element>
		<Element Type="SqlView" Name="[dbo].[vw_ZediRawData]">
			<Property Name="QueryScript">
				<Value><![CDATA[
SELECT [location_id]
      ,[location]
      ,[dbo].[ufn_ConvertUTCToCT]([readingtime]) AS readingtime
      ,[sensor]
      ,[sensor_id]
      ,[unit]
      ,[amount]
      ,[amountstring]
      ,[amountdatetimeutc]
  FROM [dbo].[ZediData]]]></Value>
			</Property>
			<Property Name="IsAnsiNullsOn" Value="True" />
			<Relationship Name="Columns">
				<Entry>
					<Element Type="SqlComputedColumn" Name="[dbo].[vw_ZediRawData].[location_id]">
						<Relationship Name="ExpressionDependencies">
							<Entry>
								<References Name="[dbo].[ZediData].[location_id]" />
							</Entry>
						</Relationship>
					</Element>
				</Entry>
				<Entry>
					<Element Type="SqlComputedColumn" Name="[dbo].[vw_ZediRawData].[location]">
						<Relationship Name="ExpressionDependencies">
							<Entry>
								<References Name="[dbo].[ZediData].[location]" />
							</Entry>
						</Relationship>
					</Element>
				</Entry>
				<Entry>
					<Element Type="SqlComputedColumn" Name="[dbo].[vw_ZediRawData].[readingtime]">
						<Relationship Name="ExpressionDependencies">
							<Entry>
								<References Name="[dbo].[ufn_ConvertUTCToCT]" />
							</Entry>
						</Relationship>
					</Element>
				</Entry>
				<Entry>
					<Element Type="SqlComputedColumn" Name="[dbo].[vw_ZediRawData].[sensor]">
						<Relationship Name="ExpressionDependencies">
							<Entry>
								<References Name="[dbo].[ZediData].[sensor]" />
							</Entry>
						</Relationship>
					</Element>
				</Entry>
				<Entry>
					<Element Type="SqlComputedColumn" Name="[dbo].[vw_ZediRawData].[sensor_id]">
						<Relationship Name="ExpressionDependencies">
							<Entry>
								<References Name="[dbo].[ZediData].[sensor_id]" />
							</Entry>
						</Relationship>
					</Element>
				</Entry>
				<Entry>
					<Element Type="SqlComputedColumn" Name="[dbo].[vw_ZediRawData].[unit]">
						<Relationship Name="ExpressionDependencies">
							<Entry>
								<References Name="[dbo].[ZediData].[unit]" />
							</Entry>
						</Relationship>
					</Element>
				</Entry>
				<Entry>
					<Element Type="SqlComputedColumn" Name="[dbo].[vw_ZediRawData].[amount]">
						<Relationship Name="ExpressionDependencies">
							<Entry>
								<References Name="[dbo].[ZediData].[amount]" />
							</Entry>
						</Relationship>
					</Element>
				</Entry>
				<Entry>
					<Element Type="SqlComputedColumn" Name="[dbo].[vw_ZediRawData].[amountstring]">
						<Relationship Name="ExpressionDependencies">
							<Entry>
								<References Name="[dbo].[ZediData].[amountstring]" />
							</Entry>
						</Relationship>
					</Element>
				</Entry>
				<Entry>
					<Element Type="SqlComputedColumn" Name="[dbo].[vw_ZediRawData].[amountdatetimeutc]">
						<Relationship Name="ExpressionDependencies">
							<Entry>
								<References Name="[dbo].[ZediData].[amountdatetimeutc]" />
							</Entry>
						</Relationship>
					</Element>
				</Entry>
			</Relationship>
			<Relationship Name="QueryDependencies">
				<Entry>
					<References Name="[dbo].[ZediData]" />
				</Entry>
				<Entry>
					<References Name="[dbo].[ZediData].[location_id]" />
				</Entry>
				<Entry>
					<References Name="[dbo].[ZediData].[location]" />
				</Entry>
				<Entry>
					<References Name="[dbo].[ZediData].[readingtime]" />
				</Entry>
				<Entry>
					<References Name="[dbo].[ufn_ConvertUTCToCT]" />
				</Entry>
				<Entry>
					<References Name="[dbo].[ZediData].[sensor]" />
				</Entry>
				<Entry>
					<References Name="[dbo].[ZediData].[sensor_id]" />
				</Entry>
				<Entry>
					<References Name="[dbo].[ZediData].[unit]" />
				</Entry>
				<Entry>
					<References Name="[dbo].[ZediData].[amount]" />
				</Entry>
				<Entry>
					<References Name="[dbo].[ZediData].[amountstring]" />
				</Entry>
				<Entry>
					<References Name="[dbo].[ZediData].[amountdatetimeutc]" />
				</Entry>
			</Relationship>
			<Relationship Name="Schema">
				<Entry>
					<References ExternalSource="BuiltIns" Name="[dbo]" />
				</Entry>
			</Relationship>
			<Annotation Type="SysCommentsObjectAnnotation">
				<Property Name="CreateOffset" Value="2" />
				<Property Name="Length" Value="282" />
				<Property Name="StartLine" Value="1" />
				<Property Name="StartColumn" Value="1" />
				<Property Name="HeaderContents" Value="&#xD;&#xA;Create View vw_ZediRawData as" />
			</Annotation>
		</Element>
		<Element Type="SqlTable" Name="[dbo].[ZediData]">
			<Property Name="IsAnsiNullsOn" Value="True" />
			<Relationship Name="Columns">
				<Entry>
					<Element Type="SqlSimpleColumn" Name="[dbo].[ZediData].[location_id]">
						<Relationship Name="TypeSpecifier">
							<Entry>
								<Element Type="SqlTypeSpecifier">
									<Relationship Name="Type">
										<Entry>
											<References ExternalSource="BuiltIns" Name="[int]" />
										</Entry>
									</Relationship>
								</Element>
							</Entry>
						</Relationship>
					</Element>
				</Entry>
				<Entry>
					<Element Type="SqlSimpleColumn" Name="[dbo].[ZediData].[location]">
						<Relationship Name="TypeSpecifier">
							<Entry>
								<Element Type="SqlTypeSpecifier">
									<Property Name="Length" Value="100" />
									<Relationship Name="Type">
										<Entry>
											<References ExternalSource="BuiltIns" Name="[nvarchar]" />
										</Entry>
									</Relationship>
								</Element>
							</Entry>
						</Relationship>
					</Element>
				</Entry>
				<Entry>
					<Element Type="SqlSimpleColumn" Name="[dbo].[ZediData].[readingtime]">
						<Property Name="IsNullable" Value="False" />
						<Relationship Name="TypeSpecifier">
							<Entry>
								<Element Type="SqlTypeSpecifier">
									<Relationship Name="Type">
										<Entry>
											<References ExternalSource="BuiltIns" Name="[datetime]" />
										</Entry>
									</Relationship>
								</Element>
							</Entry>
						</Relationship>
					</Element>
				</Entry>
				<Entry>
					<Element Type="SqlSimpleColumn" Name="[dbo].[ZediData].[sensor]">
						<Relationship Name="TypeSpecifier">
							<Entry>
								<Element Type="SqlTypeSpecifier">
									<Property Name="Length" Value="100" />
									<Relationship Name="Type">
										<Entry>
											<References ExternalSource="BuiltIns" Name="[nvarchar]" />
										</Entry>
									</Relationship>
								</Element>
							</Entry>
						</Relationship>
					</Element>
				</Entry>
				<Entry>
					<Element Type="SqlSimpleColumn" Name="[dbo].[ZediData].[sensor_id]">
						<Property Name="IsNullable" Value="False" />
						<Relationship Name="TypeSpecifier">
							<Entry>
								<Element Type="SqlTypeSpecifier">
									<Relationship Name="Type">
										<Entry>
											<References ExternalSource="BuiltIns" Name="[int]" />
										</Entry>
									</Relationship>
								</Element>
							</Entry>
						</Relationship>
					</Element>
				</Entry>
				<Entry>
					<Element Type="SqlSimpleColumn" Name="[dbo].[ZediData].[unit]">
						<Relationship Name="TypeSpecifier">
							<Entry>
								<Element Type="SqlTypeSpecifier">
									<Property Name="Length" Value="25" />
									<Relationship Name="Type">
										<Entry>
											<References ExternalSource="BuiltIns" Name="[nvarchar]" />
										</Entry>
									</Relationship>
								</Element>
							</Entry>
						</Relationship>
					</Element>
				</Entry>
				<Entry>
					<Element Type="SqlSimpleColumn" Name="[dbo].[ZediData].[amount]">
						<Relationship Name="TypeSpecifier">
							<Entry>
								<Element Type="SqlTypeSpecifier">
									<Property Name="Precision" Value="53" />
									<Relationship Name="Type">
										<Entry>
											<References ExternalSource="BuiltIns" Name="[float]" />
										</Entry>
									</Relationship>
								</Element>
							</Entry>
						</Relationship>
					</Element>
				</Entry>
				<Entry>
					<Element Type="SqlSimpleColumn" Name="[dbo].[ZediData].[amountstring]">
						<Relationship Name="TypeSpecifier">
							<Entry>
								<Element Type="SqlTypeSpecifier">
									<Property Name="IsMax" Value="True" />
									<Relationship Name="Type">
										<Entry>
											<References ExternalSource="BuiltIns" Name="[nvarchar]" />
										</Entry>
									</Relationship>
								</Element>
							</Entry>
						</Relationship>
					</Element>
				</Entry>
				<Entry>
					<Element Type="SqlSimpleColumn" Name="[dbo].[ZediData].[amountdatetimeutc]">
						<Relationship Name="TypeSpecifier">
							<Entry>
								<Element Type="SqlTypeSpecifier">
									<Relationship Name="Type">
										<Entry>
											<References ExternalSource="BuiltIns" Name="[datetime]" />
										</Entry>
									</Relationship>
								</Element>
							</Entry>
						</Relationship>
					</Element>
				</Entry>
			</Relationship>
			<Relationship Name="Schema">
				<Entry>
					<References ExternalSource="BuiltIns" Name="[dbo]" />
				</Entry>
			</Relationship>
			<AttachedAnnotation Disambiguator="9" />
		</Element>
		<Element Type="SqlIndex" Name="[dbo].[ZediData].[ndx_location_sensor_incl_all]">
			<Relationship Name="ColumnSpecifications">
				<Entry>
					<Element Type="SqlIndexedColumnSpecification">
						<Relationship Name="Column">
							<Entry>
								<References Name="[dbo].[ZediData].[location_id]" />
							</Entry>
						</Relationship>
					</Element>
				</Entry>
				<Entry>
					<Element Type="SqlIndexedColumnSpecification">
						<Relationship Name="Column">
							<Entry>
								<References Name="[dbo].[ZediData].[sensor]" />
							</Entry>
						</Relationship>
					</Element>
				</Entry>
			</Relationship>
			<Relationship Name="IncludedColumns">
				<Entry>
					<References Name="[dbo].[ZediData].[location]" />
				</Entry>
				<Entry>
					<References Name="[dbo].[ZediData].[readingtime]" />
				</Entry>
				<Entry>
					<References Name="[dbo].[ZediData].[sensor_id]" />
				</Entry>
				<Entry>
					<References Name="[dbo].[ZediData].[unit]" />
				</Entry>
				<Entry>
					<References Name="[dbo].[ZediData].[amount]" />
				</Entry>
				<Entry>
					<References Name="[dbo].[ZediData].[amountstring]" />
				</Entry>
				<Entry>
					<References Name="[dbo].[ZediData].[amountdatetimeutc]" />
				</Entry>
			</Relationship>
			<Relationship Name="IndexedObject">
				<Entry>
					<References Name="[dbo].[ZediData]" />
				</Entry>
			</Relationship>
		</Element>
		<Element Type="SqlTable" Name="[dbo].[ZediDataQTR]">
			<Property Name="IsAnsiNullsOn" Value="True" />
			<Relationship Name="Columns">
				<Entry>
					<Element Type="SqlSimpleColumn" Name="[dbo].[ZediDataQTR].[location_id]">
						<Relationship Name="TypeSpecifier">
							<Entry>
								<Element Type="SqlTypeSpecifier">
									<Relationship Name="Type">
										<Entry>
											<References ExternalSource="BuiltIns" Name="[int]" />
										</Entry>
									</Relationship>
								</Element>
							</Entry>
						</Relationship>
					</Element>
				</Entry>
				<Entry>
					<Element Type="SqlSimpleColumn" Name="[dbo].[ZediDataQTR].[location]">
						<Relationship Name="TypeSpecifier">
							<Entry>
								<Element Type="SqlTypeSpecifier">
									<Property Name="Length" Value="100" />
									<Relationship Name="Type">
										<Entry>
											<References ExternalSource="BuiltIns" Name="[nvarchar]" />
										</Entry>
									</Relationship>
								</Element>
							</Entry>
						</Relationship>
					</Element>
				</Entry>
				<Entry>
					<Element Type="SqlSimpleColumn" Name="[dbo].[ZediDataQTR].[starttime]">
						<Property Name="IsNullable" Value="False" />
						<Relationship Name="TypeSpecifier">
							<Entry>
								<Element Type="SqlTypeSpecifier">
									<Relationship Name="Type">
										<Entry>
											<References ExternalSource="BuiltIns" Name="[datetime]" />
										</Entry>
									</Relationship>
								</Element>
							</Entry>
						</Relationship>
					</Element>
				</Entry>
				<Entry>
					<Element Type="SqlSimpleColumn" Name="[dbo].[ZediDataQTR].[endtime]">
						<Relationship Name="TypeSpecifier">
							<Entry>
								<Element Type="SqlTypeSpecifier">
									<Relationship Name="Type">
										<Entry>
											<References ExternalSource="BuiltIns" Name="[datetime]" />
										</Entry>
									</Relationship>
								</Element>
							</Entry>
						</Relationship>
					</Element>
				</Entry>
				<Entry>
					<Element Type="SqlSimpleColumn" Name="[dbo].[ZediDataQTR].[sensor]">
						<Relationship Name="TypeSpecifier">
							<Entry>
								<Element Type="SqlTypeSpecifier">
									<Property Name="Length" Value="100" />
									<Relationship Name="Type">
										<Entry>
											<References ExternalSource="BuiltIns" Name="[nvarchar]" />
										</Entry>
									</Relationship>
								</Element>
							</Entry>
						</Relationship>
					</Element>
				</Entry>
				<Entry>
					<Element Type="SqlSimpleColumn" Name="[dbo].[ZediDataQTR].[sensor_id]">
						<Property Name="IsNullable" Value="False" />
						<Relationship Name="TypeSpecifier">
							<Entry>
								<Element Type="SqlTypeSpecifier">
									<Relationship Name="Type">
										<Entry>
											<References ExternalSource="BuiltIns" Name="[int]" />
										</Entry>
									</Relationship>
								</Element>
							</Entry>
						</Relationship>
					</Element>
				</Entry>
				<Entry>
					<Element Type="SqlSimpleColumn" Name="[dbo].[ZediDataQTR].[unit]">
						<Relationship Name="TypeSpecifier">
							<Entry>
								<Element Type="SqlTypeSpecifier">
									<Property Name="Length" Value="25" />
									<Relationship Name="Type">
										<Entry>
											<References ExternalSource="BuiltIns" Name="[nvarchar]" />
										</Entry>
									</Relationship>
								</Element>
							</Entry>
						</Relationship>
					</Element>
				</Entry>
				<Entry>
					<Element Type="SqlSimpleColumn" Name="[dbo].[ZediDataQTR].[amount]">
						<Relationship Name="TypeSpecifier">
							<Entry>
								<Element Type="SqlTypeSpecifier">
									<Property Name="Precision" Value="53" />
									<Relationship Name="Type">
										<Entry>
											<References ExternalSource="BuiltIns" Name="[float]" />
										</Entry>
									</Relationship>
								</Element>
							</Entry>
						</Relationship>
					</Element>
				</Entry>
				<Entry>
					<Element Type="SqlSimpleColumn" Name="[dbo].[ZediDataQTR].[qtrtype]">
						<Relationship Name="TypeSpecifier">
							<Entry>
								<Element Type="SqlTypeSpecifier">
									<Property Name="Length" Value="15" />
									<Relationship Name="Type">
										<Entry>
											<References ExternalSource="BuiltIns" Name="[nvarchar]" />
										</Entry>
									</Relationship>
								</Element>
							</Entry>
						</Relationship>
					</Element>
				</Entry>
			</Relationship>
			<Relationship Name="Schema">
				<Entry>
					<References ExternalSource="BuiltIns" Name="[dbo]" />
				</Entry>
			</Relationship>
			<AttachedAnnotation Disambiguator="8" />
		</Element>
		<Element Type="SqlIndex" Name="[dbo].[ZediDataQTR].[ndx_location_sensor_incl_all_QTR]">
			<Relationship Name="ColumnSpecifications">
				<Entry>
					<Element Type="SqlIndexedColumnSpecification">
						<Relationship Name="Column">
							<Entry>
								<References Name="[dbo].[ZediDataQTR].[location_id]" />
							</Entry>
						</Relationship>
					</Element>
				</Entry>
				<Entry>
					<Element Type="SqlIndexedColumnSpecification">
						<Relationship Name="Column">
							<Entry>
								<References Name="[dbo].[ZediDataQTR].[sensor]" />
							</Entry>
						</Relationship>
					</Element>
				</Entry>
			</Relationship>
			<Relationship Name="IncludedColumns">
				<Entry>
					<References Name="[dbo].[ZediDataQTR].[location]" />
				</Entry>
				<Entry>
					<References Name="[dbo].[ZediDataQTR].[starttime]" />
				</Entry>
				<Entry>
					<References Name="[dbo].[ZediDataQTR].[endtime]" />
				</Entry>
				<Entry>
					<References Name="[dbo].[ZediDataQTR].[sensor_id]" />
				</Entry>
				<Entry>
					<References Name="[dbo].[ZediDataQTR].[unit]" />
				</Entry>
				<Entry>
					<References Name="[dbo].[ZediDataQTR].[amount]" />
				</Entry>
				<Entry>
					<References Name="[dbo].[ZediDataQTR].[qtrtype]" />
				</Entry>
			</Relationship>
			<Relationship Name="IndexedObject">
				<Entry>
					<References Name="[dbo].[ZediDataQTR]" />
				</Entry>
			</Relationship>
		</Element>
		<Element Type="SqlExtendedProperty" Name="[SqlColumn].[dbo].[__MigrationLog].[applied_by].[MS_Description]">
			<Property Name="Value">
				<Value><![CDATA[N'The executing user at the time of deployment (populated using the SYSTEM_USER function).']]></Value>
			</Property>
			<Relationship Name="Host">
				<Entry>
					<References Name="[dbo].[__MigrationLog].[applied_by]" />
				</Entry>
			</Relationship>
		</Element>
		<Element Type="SqlExtendedProperty" Name="[SqlColumn].[dbo].[__MigrationLog].[complete_dt].[MS_Description]">
			<Property Name="Value">
				<Value><![CDATA[N'The date/time that the migration finished executing. This value is populated using the SYSDATETIME function.']]></Value>
			</Property>
			<Relationship Name="Host">
				<Entry>
					<References Name="[dbo].[__MigrationLog].[complete_dt]" />
				</Entry>
			</Relationship>
		</Element>
		<Element Type="SqlExtendedProperty" Name="[SqlColumn].[dbo].[__MigrationLog].[deployed].[MS_Description]">
			<Property Name="Value">
				<Value><![CDATA[N'This column contains a number of potential states:

0 - Marked As Deployed: The migration was not executed.
1- Deployed: The migration was executed successfully.
2- Imported: The migration was generated by importing from this DB.

"Marked As Deployed" and "Imported" are similar in that the migration was not executed on this database; it was was only marked as such to prevent it from executing during subsequent deployments.']]></Value>
			</Property>
			<Relationship Name="Host">
				<Entry>
					<References Name="[dbo].[__MigrationLog].[deployed]" />
				</Entry>
			</Relationship>
		</Element>
		<Element Type="SqlExtendedProperty" Name="[SqlColumn].[dbo].[__MigrationLog].[migration_id].[MS_Description]">
			<Property Name="Value">
				<Value><![CDATA[N'The unique identifier of a migration script file. This value is stored within the <Migration /> Xml fragment within the header of the file itself.

Note that it is possible for this value to repeat in the [__MigrationLog] table. In the case of programmable object scripts, a record will be inserted with a particular ID each time a change is made to the source file and subsequently deployed.

In the case of a migration, you may see the same [migration_id] repeated, but only in the scenario where the "Mark As Deployed" button/command has been run.']]></Value>
			</Property>
			<Relationship Name="Host">
				<Entry>
					<References Name="[dbo].[__MigrationLog].[migration_id]" />
				</Entry>
			</Relationship>
		</Element>
		<Element Type="SqlExtendedProperty" Name="[SqlColumn].[dbo].[__MigrationLog].[package_version].[MS_Description]">
			<Property Name="Value">
				<Value><![CDATA[N'If you have enabled SQLCMD Packaging in your SQL Change Automation project, or if you are using Octopus Deploy, this will be the version number that your database package was stamped with at build-time.']]></Value>
			</Property>
			<Relationship Name="Host">
				<Entry>
					<References Name="[dbo].[__MigrationLog].[package_version]" />
				</Entry>
			</Relationship>
		</Element>
		<Element Type="SqlExtendedProperty" Name="[SqlColumn].[dbo].[__MigrationLog].[release_version].[MS_Description]">
			<Property Name="Value">
				<Value><![CDATA[N'If you are using Octopus Deploy, you can use the value in this column to look-up which release was responsible for deploying this migration.
If deploying via PowerShell, set the $ReleaseVersion variable to populate this column.
If deploying via Visual Studio, this column will always be NULL.']]></Value>
			</Property>
			<Relationship Name="Host">
				<Entry>
					<References Name="[dbo].[__MigrationLog].[release_version]" />
				</Entry>
			</Relationship>
		</Element>
		<Element Type="SqlExtendedProperty" Name="[SqlColumn].[dbo].[__MigrationLog].[script_checksum].[MS_Description]">
			<Property Name="Value">
				<Value><![CDATA[N'A SHA256 representation of the migration script file at the time of build.  This value is used to determine whether a migration has been changed since it was deployed. In the case of a programmable object script, a different checksum will cause the migration to be redeployed.
Note: if any variables have been specified as part of a deployment, this will not affect the checksum value.']]></Value>
			</Property>
			<Relationship Name="Host">
				<Entry>
					<References Name="[dbo].[__MigrationLog].[script_checksum]" />
				</Entry>
			</Relationship>
		</Element>
		<Element Type="SqlExtendedProperty" Name="[SqlColumn].[dbo].[__MigrationLog].[script_filename].[MS_Description]">
			<Property Name="Value">
				<Value><![CDATA[N'The name of the migration script file on disk, at the time of build.
If Semantic Versioning has been enabled, then this value will contain the full relative path from the root of the project folder. If it is not enabled, then it will simply contain the filename itself.']]></Value>
			</Property>
			<Relationship Name="Host">
				<Entry>
					<References Name="[dbo].[__MigrationLog].[script_filename]" />
				</Entry>
			</Relationship>
		</Element>
		<Element Type="SqlExtendedProperty" Name="[SqlColumn].[dbo].[__MigrationLog].[sequence_no].[MS_Description]">
			<Property Name="Value">
				<Value><![CDATA[N'An auto-seeded numeric identifier that can be used to determine the order in which migrations were deployed.']]></Value>
			</Property>
			<Relationship Name="Host">
				<Entry>
					<References Name="[dbo].[__MigrationLog].[sequence_no]" />
				</Entry>
			</Relationship>
		</Element>
		<Element Type="SqlExtendedProperty" Name="[SqlColumn].[dbo].[__MigrationLog].[version].[MS_Description]">
			<Property Name="Value">
				<Value><![CDATA[N'The semantic version that this migration was created under. In SQL Change Automation projects, a folder can be given a version number, e.g. 1.0.0, and one or more migration scripts can be stored within that folder to provide logical grouping of related database changes.']]></Value>
			</Property>
			<Relationship Name="Host">
				<Entry>
					<References Name="[dbo].[__MigrationLog].[version]" />
				</Entry>
			</Relationship>
		</Element>
		<Element Type="SqlExtendedProperty" Name="[SqlTableBase].[dbo].[__MigrationLog].[MS_Description]">
			<Property Name="Value">
				<Value><![CDATA[N'This table is required by SQL Change Automation projects to keep track of which migrations have been executed during deployment. Please do not alter or remove this table from the database.']]></Value>
			</Property>
			<Relationship Name="Host">
				<Entry>
					<References Name="[dbo].[__MigrationLog]" />
				</Entry>
			</Relationship>
		</Element>
		<Element Type="SqlExtendedProperty" Name="[SqlTableBase].[dbo].[__SchemaSnapshot].[MS_Description]">
			<Property Name="Value">
				<Value><![CDATA[N'This table is used by SQL Change Automation projects to store a snapshot of the schema at the time of the last deployment. Please do not alter or remove this table from the database.']]></Value>
			</Property>
			<Relationship Name="Host">
				<Entry>
					<References Name="[dbo].[__SchemaSnapshot]" />
				</Entry>
			</Relationship>
		</Element>
		<Element Type="SqlExtendedProperty" Name="[SqlView].[dbo].[__MigrationLogCurrent].[MS_Description]">
			<Property Name="Value">
				<Value><![CDATA[N'This view is required by SQL Change Automation projects to determine whether a migration should be executed during a deployment. The view lists the most recent [__MigrationLog] entry for a given [migration_id], which is needed to determine whether a particular programmable object script needs to be (re)executed: a non-matching checksum on the current [__MigrationLog] entry will trigger the execution of a programmable object script. Please do not alter or remove this table from the database.']]></Value>
			</Property>
			<Relationship Name="Host">
				<Entry>
					<References Name="[dbo].[__MigrationLogCurrent]" />
				</Entry>
			</Relationship>
		</Element>
		<Element Type="SqlLogin" Name="[TLN\jlogbotche]">
			<Property Name="IsMappedToWindowsLogin" Value="True" />
			<Property Name="DefaultLanguage" Value="us_english" />
			<Property Name="IsCheckPolicyOn" Value="False" />
			<Annotation Type="GloballyScoped" />
		</Element>
		<Element Type="SqlUser" Name="[TLN\jlogbotche]" Disambiguator="5">
			<Property Name="LoginIdentifierScript">
				<Value><![CDATA[[TLN\jlogbotche]]]></Value>
			</Property>
			<Property Name="AuthenticationType" Value="3" />
			<Relationship Name="Login">
				<Entry>
					<References Name="[TLN\jlogbotche]" />
				</Entry>
			</Relationship>
		</Element>
		<Element Type="SqlLogin" Name="[TLN\svc-powerbi]">
			<Property Name="IsMappedToWindowsLogin" Value="True" />
			<Property Name="DefaultLanguage" Value="us_english" />
			<Property Name="IsCheckPolicyOn" Value="False" />
			<Annotation Type="GloballyScoped" />
		</Element>
		<Element Type="SqlUser" Name="[TLN\svc-powerbi]" Disambiguator="4">
			<Property Name="LoginIdentifierScript">
				<Value><![CDATA[[TLN\svc-powerbi]]]></Value>
			</Property>
			<Property Name="AuthenticationType" Value="3" />
			<Relationship Name="Login">
				<Entry>
					<References Name="[TLN\svc-powerbi]" />
				</Entry>
			</Relationship>
		</Element>
		<Element Type="SqlLogin" Name="[TLN\TTaylor]">
			<Property Name="IsMappedToWindowsLogin" Value="True" />
			<Property Name="DefaultLanguage" Value="us_english" />
			<Property Name="IsCheckPolicyOn" Value="False" />
			<Annotation Type="GloballyScoped" />
		</Element>
		<Element Type="SqlUser" Name="[TLN\ttaylor]" Disambiguator="7">
			<Property Name="LoginIdentifierScript">
				<Value><![CDATA[[TLN\TTaylor]]]></Value>
			</Property>
			<Property Name="AuthenticationType" Value="3" />
			<Relationship Name="Login">
				<Entry>
					<References Name="[TLN\TTaylor]" />
				</Entry>
			</Relationship>
		</Element>
		<Element Type="SqlLogin" Name="[TLN\Upstream]">
			<Property Name="IsMappedToWindowsLogin" Value="True" />
			<Property Name="DefaultLanguage" Value="us_english" />
			<Property Name="IsCheckPolicyOn" Value="False" />
			<Annotation Type="GloballyScoped" />
		</Element>
		<Element Type="SqlUser" Name="[TLN\upstream]" Disambiguator="6">
			<Property Name="LoginIdentifierScript">
				<Value><![CDATA[[TLN\Upstream]]]></Value>
			</Property>
			<Property Name="AuthenticationType" Value="3" />
			<Relationship Name="Login">
				<Entry>
					<References Name="[TLN\Upstream]" />
				</Entry>
			</Relationship>
		</Element>
	</Model>
</DataSchemaModel>