﻿<?xml version="1.0" encoding="utf-8"?>
<DacOrigin xmlns="http://schemas.microsoft.com/sqlserver/dac/Serialization/2012/02">
  <PackageProperties>
    <Version>3.0.0.0</Version>
    <ContainsExportedData>false</ContainsExportedData>
    <StreamVersions>
      <Version StreamName="Data">2.0.0.0</Version>
      <Version StreamName="DeploymentContributors">1.0.0.0</Version>
    </StreamVersions>
  </PackageProperties>
  <Operation>
    <Identity>4b4cc89d-a1b8-422c-9e1e-0be972999c75</Identity>
    <Start>2022-11-09T15:15:42.3842768-06:00</Start>
    <End>2022-11-09T15:15:43.5423066-06:00</End>
    <ProductName>Microsoft.Data.Tools.Schema.Tasks.Sql, Version=16.0.0.0, Culture=neutral, PublicKeyToken=b03f5f7f11d50a3a</ProductName>
    <ProductVersion>16.0.62205.5200</ProductVersion>
    <ProductSchema>http://schemas.microsoft.com/sqlserver/dac/Serialization/2012/02</ProductSchema>
  </Operation>
  <Checksums>
    <Checksum Uri="/model.xml">56E7703D19B390A78BE91A902C78AB83341130C5FCEFBFD417E90706BB684872</Checksum>
  </Checksums>
  <ModelSchemaVersion>2.9</ModelSchemaVersion>
</DacOrigin>